{"cameraMode":{"drawMode":0,"name":"Shaded","section":"Shading Mode"},"sceneLighting":true,"audioPlay":false,"sceneViewState":{"showFog":true,"showMaterialUpdate":false,"showSkybox":true,"showFlares":true,"showImageEffects":true,"showParticleSystems":true},"in2DMode":false,"pivot":{"x":-3.09187650680542,"y":-1.15625,"z":-34.173099517822269},"rotation":{"x":-0.13992968201637269,"y":0.010396496392786503,"z":-0.0014692966360598803,"w":-0.9901058077812195},"size":295.3725891113281,"orthographic":true}