{"cameraMode":{"drawMode":0,"name":"Shaded","section":"Shading Mode"},"sceneLighting":true,"audioPlay":false,"sceneViewState":{"showFog":true,"showMaterialUpdate":false,"showSkybox":true,"showFlares":true,"showImageEffects":true,"showParticleSystems":true},"in2DMode":false,"pivot":{"x":-0.7130947113037109,"y":3.057600975036621,"z":-1.488154411315918},"rotation":{"x":-0.08654054999351502,"y":0.9007043838500977,"z":-0.21071311831474305,"w":-0.3699221909046173},"size":12.649889945983887,"orthographic":false}